city,state
Fairbanks,AK
Anchorage,AK
Homer,AK
Craig,AK
Glennallen,AK
Calgary,AB
W Sundre,AB
Soldotna,AK
Juneau,AK
Ketchikan,AK
Haines,AK
Kenai,AK
Conway,AR
Clarksville,AR
Kodiak,AK
Moffett,OK
Skagway,AK
Clinton,AR
Roland,OK
Van Buren,AR
Fort Smith,AR
Pocola,OK
Hensley,AR
Little Rock,AR
Apache Junction,AZ
West Memphis,AR
Helena-West Helena,AR
Bisbee,AZ
Texarkana,AR
Monticello,AR
Mesa,AZ
Phoenix,AZ
Tolleson,AZ
Avondale,AZ
Casa Grande,AZ
Sun City,AZ
El Mirage,AZ
Glendale,AZ
Peoria,AZ
Chandler,AZ
Tempe,AZ
Gilbert,AZ
Guadalupe,AZ
Queen Creek,AZ
Florence,AZ
Clifton,AZ
Scottsdale,AZ
Cottonwood,AZ
Flagstaff,AZ
Fountain Hills,AZ
Kingman,AZ
Sonoita,AZ
Patagonia,AZ
Lake Havasu City,AZ
Quartzsite,AZ
Prescott Valley,AZ
Sierra Vista,AZ
Sedona,AZ
Tucson,AZ
Armstrong,BC
Canoe,BC
Salmon Arm,BC
Williams,AZ
Abbotsford,BC
Vernon,BC
Castlegar,BC
Scotch Creek,BC
Campbell River,BC
Chetwynd,BC
Chilliwack,BC
Cobble Hill,BC
Shawnigan Lake,BC
Port Moody,BC
Sidney,BC
Courtenay,BC
Coquitlam,BC
North Vancouver,BC
Maple Ridge,BC
New Westminster,BC
Pitt Meadows,BC
Langley City,BC
Duncan,BC
Vancouver,BC
Delta,BC
St Delta,BC
Vancouver,BC
Creston,BC
Comox,BC
White Rock,BC
Ladysmith,BC
Fernie,BC
Kelowna,BC
c Fernie,BC
Grand Forks,BC
Kamloops,BC
West Kelowna,BC
Hope,BC
Nanaimo,BC
S Kelowna,BC
Lac la Hache,BC
Lake Cowichan,BC
Lumby,BC
Merritt,BC
Nelson,BC
Parksville,BC
West Vancouver,BC
Penticton,BC
Summerland,BC
W Penticton,BC
Prince George,BC
St Port Hardy,BC
Revelstoke,BC
Sechelt,BC
Salmo,BC
Squamish,BC
Trail,BC
Victoria,BC
Tofino,BC
Whistler,BC
Adelanto,CA
Williams Lake,BC
Oakland,CA
Antioch,CA
SF,CA
Alameda,CA
San Leandro,CA
Hayward,CA
Atwater,CA
McKinleyville,CA
Union City,CA
Eureka,CA
Merced,CA
Arcata,CA
Bellflower,CA
Stanton,CA
Banning,CA
Long Beach,CA
Torrance,CA
Los Angeles,CA
Gardena,CA
Blythe,CA
Calexico,CA
St Lake Elsinore,CA
El Centro,CA
Cameron Park,CA
Shingle Springs,CA
Perris,CA
Canyon Lake,CA
Camino Real Encinitas,CA
Encinitas,CA
Lake Elsinore,CA
Vista,CA
Corona,CA
Wildomar,CA
Prunedale,CA
Salinas,CA
Lemon Grove,CA
Castroville,CA
La Mesa,CA
Chula Vista,CA
Chico,CA
Cloverdale,CA
Coachella,CA
Clearlake,CA
San Diego,CA
Lucerne,CA
a Lakeport,CA
Palm Desert,CA
Coalinga,CA
Indio,CA
Hopland,CA
Riverside,CA
Jurupa Valley,CA
Costa Mesa,CA
Santa Ana,CA
Crescent City,CA
Santa Rosa,CA
Cotati,CA
Fairfield,CA
San Bernardino,CA
Fontana,CA
Moreno Valley,CA
Fresno,CA
St Fort Bragg,CA
Goleta,CA
Camino Goleta,CA
Marina Del Rey,CA
West Hollywood,CA
Ukiah,CA
Grass Valley,CA
Napa,CA
Stockton,CA
Tracy,CA
Lathrop,CA
Santa Monica,CA
Lompoc,CA
Martinez,CA
Modesto,CA
Oceano,CA
San Luis Obispo,CA
Port Hueneme,CA
Thousand Oaks,CA
Oxnard,CA
Oroville,CA
Ventura,CA
Pacifica,CA
Palm Springs,CA
St Palm Springs,CA
Pomona,CA
Porterville,CA
Ramona,CA
Rio Dell,CA
Redding,CA
Redwood City,CA
Sacramento,CA
St Sacramento,CA
San Jose,CA
Santa Cruz,CA
Soquel,CA
South Lake Tahoe,CA
Lake Tahoe,CA
Longmont,CO
Aspen,CO
Alma,CO
Winterhaven,CA
Berthoud,CO
Snowmass Village,CO
Fairplay,CO
Denver,CO
b Aurora,CO
Aurora,CO
Commerce City,CO
b Denver,CO
St Mall Denver,CO
Englewood,CO
Northglenn,CO
Lakewood,CO
Thornton,CO
Sheridan,CO
Boulder,CO
d Boulder,CO
Louisville,CO
Lafayette,CO
Broomfield,CO
Nederland,CO
Federal Heights,CO
Edgewater,CO
Carbondale,CO
Glenwood Springs,CO
Golden,CO
Cedaredge,CO
Cañon City,CO
Rye,CO
Hotchkiss,CO
Georgetown,CO
Idaho Springs,CO
Grand Junction,CO
b Clifton,CO
Palisade,CO
Colorado City,CO
Central City,CO
Colorado Springs,CO
Cortez,CO
Craig,CO
Littleton,CO
De Beque,CO
Crested Butte,CO
Parachute,CO
Durango,CO
Eagle,CO
Edwards,CO
Dinosaur,CO
Vail,CO
Rio Durango,CO
Frisco,CO
Silverthorne,CO
Tabernash,CO
Granby,CO
Gunnison,CO
Fraser,CO
Paonia,CO
Las Animas,CO
Log Lane Village,CO
Montrose,CO
Nucla,CO
Pagosa Springs,CO
Pueblo,CO
Pueblo West,CO
Ridgway,CO
Silt,CO
Rifle,CO
Silverton,CO
Telluride,CO
Steamboat Springs,CO
Trinidad,CO
Walsenburg,CO
Bridgeport,CT
Bristol,CT
Hartford,CT
Norwalk,CT
New London,CT
Meriden,CT
Groton,CT
Manchester,CT
Colchester,CT
New Haven,CT
Killingly,CT
Willington,CT
Stamford,CT
White Plains,NY
Torrington,CT
Washington,DC
Rockville,MD
Capitol Heights,MD
Oxon Hill,MD
Bethesda,MD
Silver Spring,MD
Lewes,DE
Felton,DE
Wilmington,DE
New Castle,DE
Camp Springs,MD
Greenbelt,MD
Clinton,MD
Kennett Square,PA
Elkton,MD
Aventura,FL
St. Petersburg,FL
North Miami Beach,FL
Boynton Beach,FL
Ocala,FL
Largo,FL
Sarasota,FL
Honolulu,HI
Aiea,HI
Kapolei,HI
Kaneohe,HI
Hilo,HI
Lahaina,HI
Paia,HI
Kihei,HI
Kahului,HI
Kailua-Kona,HI
Windsor Heights,IA
Anna,IL
Bourbonnais,IL
Sioux City,IA
North Sioux City,SD
Darien,IL
Villa Park,IL
Broadview,IL
Riverside,IL
Melrose Park,IL
Burbank,IL
Niles,IL
Westmont,IL
Justice,IL
Norridge,IL
Chicago,IL
Worth,IL
Skokie,IL
Calumet City,IL
Matteson,IL
Casey,IL
DeKalb,IL
Northbrook,IL
Palatine,IL
Deerfield,IL
Peoria,IL
Park City,IL
Waukegan,IL
East Peoria,IL
Godfrey,IL
Jacksonville,IL
Harrisburg,IL
New Lenox,IL
St Mt Vernon,IL
Morris,IL
Metropolis,IL
Normal,IL
Quincy,IL
Springfield,IL
Troy,IL
Shreveport,LA
Brockton,MA
Abington,MA
Jennings,LA
Sulphur,LA
New Iberia,LA
Lake Charles,LA
Natchitoches,LA
Rockland,MA
Hanover,MA
Halifax,MA
Avon,MA
Bridgewater,MA
West Bridgewater,MA
Quincy,MA
Marshfield,MA
Hull,MA
Norwood,MA
Ayer,MA
Middleborough,MA
Boston,MA
Acton,MA
Maynard,MA
E Marlboro,MA
Littleton,MA
Billerica,MA
Hudson,MA
Taunton,MA
Natick,MA
Shirley,MA
Lowell,MA
Groton,MA
Framingham,MA
Watertown,MA
Allston,MA
Newton,MA
W Marlboro,MA
Belmont,MA
Leominster,MA
Brookline,MA
Dracut,MA
Tyngsborough,MA
Clinton,MA
Arlington,MA
Cambridge,MA
Pepperell,MA
Somerville,MA
Medford,MA
Malden,MA
Chelsea,MA
Lynn,MA
Melrose,MA
Needham,MA
Hadley,MA
Swampscott,MA
Salem,MA
Amherst,MA
Northampton,MA
Belchertown,MA
Deerfield,MA
Easthampton,MA
Holyoke,MA
Southampton,MA
Chicopee,MA
Montague,MA
Amesbury,MA
Merrimac,MA
Salisbury,MA
Greenfield,MA
Haverhill,MA
Rowley,MA
Georgetown,MA
Fitchburg,MA
Ashby,MA
Lunenburg,MA
Winchendon,MA
Orange,MA
Gardner,MA
Athol,MA
Mansfield,MA
Norton,MA
Attleboro,MA
North Attleborough,MA
Central Falls,RI
Dighton,MA
Pawtucket,RI
Franklin,MA
Seekonk,MA
Blackstone,MA
Ware,MA
Palmer,MA
Springfield,MA
Somerset,MA
Fall River,MA
St Fall River,MA
Berkley,MA
Canning Blvd Fall River,MA
Westport,MA
Dartmouth,MA
Gill,MA
Bernardston,MA
Brattleboro,VT
West Brattleboro,VT
Beverly,MA
Essex,MA
Gloucester,MA
Uxbridge,MA
Mendon,MA
Hopedale,MA
Douglas,MA
Brewster,MA
Orleans,MA
Sturbridge,MA
Eastham,MA
Wellfleet,MA
Southbridge,MA
Brimfield,MA
Charlton,MA
Kingston,MA
Plymouth,MA
Wareham,MA
Carver,MA
Oxford,MA
Worcester,MA
Millbury,MA
Webster,MA
Dudley,MA
Grafton,MA
West Springfield,MA
Westfield,MA
Lanesborough,MA
Bennington,VT
Clarksburg,MA
Williamstown,MA
North Adams,MA
Fairhaven,MA
West Boylston,MA
Great Barrington,MA
Egremont,MA
Sheffield,MA
Lee,MA
Portsmouth,RI
Pittsfield,MA
Sandwich,MA
Mashpee,MA
Nantucket,MA
Provincetown,MA
Warwick,RI
Tisbury,MA
Brandon,MB
La Broquerie,MB
Morden,MB
Niverville,MB
Winnipeg,MB
S Valley River,MB
W Winnipeg,MB
Burtonsville,MD
Gaithersburg,MD
Annapolis,MD
Edgewater,MD
Gambrills,MD
Millersville,MD
Baltimore,MD
Bowie,MD
Halethorpe,MD
Linthicum Heights,MD
Rosedale,MD
Catonsville,MD
Woodlawn,MD
Nottingham,MD
Pikesville,MD
Lutherville-Timonium,MD
Middle River,MD
Cockeysville,MD
Ellicott City,MD
Columbia,MD
Laurel,MD
Brandywine,MD
White Plains,MD
Reisterstown,MD
Cumberland,MD
Perryville,MD
Frederick,MD
Ocean City,MD
Westminster,MD
Lewiston,ME
Auburn,ME
Oxford,ME
Bangor,ME
Bath,ME
Woolwich,ME
Berwick,ME
Lebanon,ME
Eliot,ME
Sanford,ME
Kittery,ME
York,ME
Wells,ME
Bethel,ME
Newry,ME
Hollis,ME
Saco,ME
Gorham,ME
South Portland,ME
Portland,ME
Buxton,ME
Carrabassett Valley,ME
Eustis,ME
Casco,ME
Windham,ME
Damariscotta,ME
Ellsworth,ME
Farmington,ME
Livermore Falls,ME
Gardiner,ME
Machias,ME
Newport,ME
Rockland,ME
Thomaston,ME
Waterville,ME
Winslow,ME
Albion,MI
Adrian,MI
Allegan,MI
Fennville,MI
Wayland,MI
Alma,MI
Breckenridge,MI
Pleasant,MI
Alpena,MI
Ann Arbor,MI
Ypsilanti,MI
Whitmore Lake,MI
Saline,MI
Baldwin,MI
Battle Creek,MI
Ceresco,MI
Dowling,MI
Auburn Hills,MI
Orion Twp,MI
Waterford Twp,MI
Oxford,MI
Royal Oak,MI
Utica,MI
Madison Heights,MI
Berkley,MI
Southfield,MI
Bay City,MI
Saginaw,MI
Belding,MI
Saranac,MI
Ionia,MI
Lowell,MI
Benton Harbor,MI
Watervliet,MI
Eau Claire,MI
Benzonia,MI
Beulah,MI
Pleasant Ridge,MI
Detroit,MI
Ferndale,MI
Hazel Park,MI
Livernois Detroit,MI
Center Line,MI
c Detroit,MI
Hamtramck,MI
Walled Lake,MI
Inkster,MI
a Warren,MI
Birch Run,MI
Clio,MI
Mt Morris,MI
Morris,MI
Flint,MI
Vassar,MI
Millington,MI
Flushing,MI
Big Rapids,MI
Buchanan,MI
Niles,MI
Edwardsburg,MI
Cadillac,MI
Burr Oak,MI
Sturgis,MI
Burton,MI
Davison,MI
Holly,MI
Camden,MI
Reading,MI
Quincy,MI
Caro,MI
Cedar Springs,MI
Sand Lake,MI
Grand Rapids,MI
Cassopolis,MI
Dowagiac,MI
Marcellus,MI
Tekonsha,MI
Clemens,MI
Mt Clemens,MI
Chesaning,MI
Owosso,MI
Corunna,MI
Charlotte,MI
Lansing,MI
Coldwater,MI
f Coldwater,MI
Chicago St Coldwater,MI
Coleman,MI
Constantine,MI
Three Rivers,MI
Crystal,MI
Stanton,MI
Edmore,MI
Laingsburg,MI
Crystal Falls,MI
Iron River,MI
Lapeer,MI
River Rouge,MI
St River Rouge,MI
Lincoln Park,MI
Ecorse,MI
Riverview,MI
Hastings,MI
East Lansing,MI
b Lansing,MI
Wayne,MI
Westland,MI
Escanaba,MI
Harris,MI
Evart,MI
Saugatuck,MI
Gaylord,MI
a Gaylord,MI
Gobles,MI
Paw Paw,MI
Kalamazoo,MI
Lawrence,MI
Grand Haven,MI
Nunica,MI
a Nunica,MI
Muskegon Heights,MI
Muskegon,MI
Laketon Muskegon,MI
Gould City,MI
W Grand Rapids,MI
Wyoming,MI
Grant,MI
Grawn,MI
Traverse City,MI
Grayling,MI
Harrison,MI
Harrisville,MI
New Baltimore,MI
Hartford,MI
Haven,MI
Middleville,MI
Houghton,MI
Hubbell,MI
Iron Mountain,MI
Norway,MI
Ironwood,MI
Ishpeming,MI
Negaunee,MI
Marquette,MI
Jackson,MI
Michigan Center,MI
Leslie,MI
Portage,MI
Kalkaska,MI
Mancelona,MI
Mackinaw City,MI
Manistee,MI
Manistique,MI
Menominee,MI
Memphis,MI
New Haven,MI
Romeo,MI
Monroe,MI
Petersburg,MI
Morenci,MI
Munising,MI
Whitehall,MI
New Buffalo,MI
Northport,MI
Oscoda,MI
Petoskey,MI
Pentwater,MI
Pinconning,MI
Standish,MI
Pittsford,MI
St Port Huron,MI
Port Huron,MI
Prudenville,MI
Sault Ste. Marie,MI
Webberville,MI
West Branch,MI
White Cloud,MI
Wolverine,MI
Belton,MO
Minneapolis,MN
Raymore,MO
Grandview,MO
KCMO,MO
Harrisonville,MO
Lee's Summit,MO
Raytown,MO
Ferguson,MO
Berkeley,MO
St Ann,MO
Bridgeton,MO
University City,MO
St. Louis,MO
Maryland Heights,MO
Richmond Heights,MO
St Peters,MO
Boonville,MO
Branson,MO
Branson West,MO
Reeds Spring,MO
Blue Springs,MO
Independence,MO
Cottleville,MO
Valley Park,MO
Ellisville,MO
Buffalo,MO
St Cape Girardeau,MO
Cape Girardeau,MO
Girardeau,MO
Jackson,MO
Cardwell,MO
Caruthersville,MO
Hayti,MO
O'Fallon,MO
Lake St Louis,MO
Chillicothe,MO
Columbia,MO
BUS Eldon,MO
Eagleville,MO
Gladstone,MO
Farmington,MO
Hannibal,MO
Hermann,MO
Imperial,MO
Mehlville,MO
Humansville,MO
St Clair,MO
Joplin,MO
Kirksville,MO
Kennett,MO
Macon,MO
Mexico,MO
Moberly,MO
Pineville,MO
Ozark,MO
Springfield,MO
Osage Beach,MO
Poplar Bluff,MO
Rolla,MO
James,MO
Salem,MO
Sedalia,MO
Sikeston,MO
St Joseph,MO
Warrenton,MO
Troy,MO
West Plains,MO
Ocean Springs,MS
Biloxi,MS
Gautier,MS
Bay St Louis,MS
Diamondhead,MS
Brandon,MS
Jackson,MS
Richland,MS
Byram,MS
Canton,MS
Coldwater,MS
Corinth,MS
Pascagoula,MS
Greenwood,MS
Moss Point,MS
Hattiesburg,MS
Laurel,MS
Natchez,MS
Olive Branch,MS
Oxford,MS
Saltillo,MS
Tupelo,MS
Vicksburg,MS
St Ignatius,MT
Belgrade,MT
Bozeman,MT
Suit C Bozeman,MT
Big Sky,MT
Gallatin Gateway,MT
Billings,MT
D Billings,MT
Boulder,MT
Bridger,MT
Butte,MT
W Columbia Falls,MT
Whitefish,MT
Cut Bank,MT
Helena,MT
Missoula,MT
Great Falls,MT
Hamilton,MT
Hardin,MT
Libby,MT
Livingston,MT
Miles City,MT
Red Lodge,MT
Plentywood,MT
Polson,MT
Wolf Point,MT
Cherokee,NC
Dickinson,ND
Devils Lake,ND
Jamestown,ND
Minot,ND
Plymouth,NH
Conway,NH
Hackettstown,NJ
Andover,NJ
Bloomfield,NJ
Harrison,NJ
Maplewood,NJ
Fairfield,NJ
Jersey City,NJ
Hackensack,NJ
Union,NJ
Elizabeth,NJ
New York,NY
Mott Haven,NY
Williamsburg,NY
Boerum Hill,NY
Park Slope,NY
Rahway,NJ
Scotch Plains,NJ
Astoria,NY
Bellmawr,NJ
Ephraim,NJ
Runnemede,NJ
Camden,NJ
Philadelphia,PA
Pennsauken Township,NJ
Gibbsboro,NJ
Evesham,NJ
Voorhees Township,NJ
Gloucester Township,NJ
Glassboro,NJ
Waterford,NJ
Delran,NJ
Morton,PA
Riverside,NJ
Atlantic City,NJ
Township,NJ
Bryn Mawr,PA
Edgewater Park,NJ
Plymouth Meeting,PA
Bordentown,NJ
Trenton,NJ
Ewing Township,NJ
Holly,NJ
Pennington,NJ
Eatontown,NJ
Red Bank,NJ
Horsham,PA
Woodbridge Township,NJ
New Dorp,NY
Plainfield,NJ
Gravesend,NY
Hammonton,NJ
Flemington,NJ
Lambertville,NJ
Raritan,NJ
Franklin Township,NJ
West Bronx,NY
Woodstock,NY
Mt Vernon,NY
Yonkers,NY
Pelham Bay,NY
Bushwick,NY
Flushing,NY
Jamaica,NY
Bayside,NY
Lakehurst,NJ
Toms River,NJ
Brunswick Township,NJ
Ocean Twp,NJ
West Milford,NJ
Bonavista,NL
Burin,NL
Channel-Port aux Basques,NL
Clarenville,NL
Conception Bay South,NL
St. John's,NL
Mount Pearl,NL
b Torbay,NL
Corner Brook,NL
Gander,NL
Grand Falls-Windsor,NL
Happy Valley-Goose Bay,NL
Stephenville,NL
Whitbourne,NL
Albuquerque,NM
Rio Rancho,NM
Alamogordo,NM
Tularosa,NM
Anthony,NM
Chaparral,NM
Sunland Park,NM
F Chaparral,NM
Artesia,NM
Capitan,NM
Bernalillo,NM
Carlsbad,NM
Clayton,NM
Clovis,NM
Texico,NM
Deming,NM
Edgewood,NM
Estancia,NM
Española,NM
Gallup,NM
Farmington,NM
Kirtland,NM
Hobbs,NM
Las Cruces,NM
Mesilla,NM
Las Vegas,NM
Los Alamos,NM
Los Lunas,NM
Peralta,NM
Portales,NM
Roswell,NM
Ruidoso,NM
Santa Rosa,NM
Santa Fe,NM
l Santa Fe,NM
Silver City,NM
Sur Taos,NM
Tatum,NM
Truth or Consequences,NM
Tucumcari,NM
Elko,NV
Fallon,NV
Ely,NV
Henderson,NV
Las Vegas,NV
North Las Vegas,NV
Lovelock,NV
Mesquite,NV
Pahrump,NV
Reno,NV
Sun Valley,NV
Schurz,NV
Verdi,NV
Sparks,NV
Winnemucca,NV
West Wendover,NV
Yerington,NV
Amsterdam,NY
Albany,NY
Rensselaer,NY
Menands,NY
Cohoes,NY
Colonie,NY
Bellerose Manor,NY
New Hyde Park,NY
Carle Place,NY
Binghamton,NY
Johnson City,NY
Vestal,NY
Buffalo,NY
Tonawanda,NY
Depew,NY
Niagara Falls,NY
Farmingdale,NY
Liverpool,NY
Clay,NY
Syracuse,NY
Fulton,NY
Cortlandt,NY
Dryden,NY
Ithaca,NY
Fishkill,NY
Wappingers Falls,NY
Newburgh,NY
Poughkeepsie,NY
Geneva,NY
Seneca Falls,NY
Kingston,NY
New Paltz,NY
Macedon,NY
Middletown,NY
Oneonta,NY
Potsdam,NY
Plattsburgh,NY
South Hero,VT
Rock Hill,NY
Southampton,NY
Utica,NY
Akron,OH
Cuyahoga Falls,OH
Kent,OH
Ashtabula,OH
Athens,OH
Beavercreek,OH
Dayton,OH
Boardman,OH
Hubbard,OH
Struthers,OH
Canton,OH
Norwood,OH
Bowling Green,OH
Cincinnati,OH
Milford,OH
Cleveland Heights,OH
Cleveland,OH
Euclid,OH
Woodmere,OH
Willoughby Hills,OH
Lakewood,OH
Garfield Heights,OH
Columbus,OH
Westerville,OH
Ravenna,OH
Delaware,OH
Delphos,OH
East Liverpool,OH
Elyria,OH
Lorain,OH
Fremont,OH
Goshen,OH
Harpster,OH
Harrison,OH
New Castle,PA
Jackson,OH
Huron,OH
Jeffersonville,OH
Lebanon,OH
Monroe,OH
Orab,OH
New Philadelphia,OH
Newark,OH
Piqua,OH
Springfield,OH
Tiffin,OH
Waverly,OH
Ada,OK
Roff,OK
Altus,OK
Ardmore,OK
Newcastle,OK
Blanchard,OK
Norman,OK
Bethany,OK
Warr Acres,OK
Oklahoma City,OK
Yukon,OK
Mustang,OK
Edmond,OK
Midwest City,OK
Del City,OK
Anadarko,OK
Chickasha,OK
Claremore,OK
Davis,OK
Owasso,OK
Guthrie,OK
Elgin,OK
Lawton,OK
El Reno,OK
Elk City,OK
Eufaula,OK
Enid,OK
Jenks,OK
Tulsa,OK
Perkins,OK
Stillwater,OK
Sallisaw,OK
Vian,OK
Shawnee,OK
Thackerville,OK
Vinita,OK
Acton,ON
Halton Hills,ON
S Halton Hills,ON
Brampton,ON
Milton,ON
Erin,ON
Guelph,ON
S Guelph,ON
W Guelph,ON
Mississauga,ON
W Mississauga,ON
W Ajax,ON
Ajax,ON
Pickering,ON
W Oshawa,ON
Oshawa,ON
Toronto,ON
E Oshawa,ON
Courtice,ON
Hampton,ON
Whitchurch-Stouffville,ON
Alexandria,ON
F Alexandria,ON
Military Lancaster,ON
South Lancaster,ON
Angus,ON
Barrie,ON
W Barrie,ON
b Barrie,ON
Midhurst,ON
New Tecumseth,ON
Innisfil,ON
Wasaga Beach,ON
Arthur,ON
Grand Valley,ON
Mount Forest,ON
Aurora,ON
Bradford West Gwillimbury,ON
W Bradford West Gwillimbury,ON
Schomberg,ON
Georgina,ON
W Aylmer,ON
St Thomas,ON
Tillsonburg,ON
Hillsdale,ON
Ayr,ON
Brant,ON
Cambridge,ON
Kitchener,ON
W Kitchener,ON
Brantford,ON
E Petersburg,ON
Waterloo,ON
W Waterloo,ON
E Waterloo,ON
W Brantford,ON
New Hamburg,ON
Baysville,ON
Huntsville,ON
Dorset,ON
Bracebridge,ON
Belle River,ON
Lakeshore,ON
Windsor,ON
E Windsor,ON
Essex,ON
Chatham-Kent,ON
Belleville,ON
Quinte West,ON
Bonfield,ON
Callander,ON
W Bowmanville,ON
North Bay,ON
Bowmanville,ON
Newcastle,ON
S Gravenhurst,ON
W New Tecumseth,ON
Etobicoke,ON
E Mississauga,ON
W Toronto,ON
W Hamilton,ON
Burlington,ON
b Burlington,ON
Hamilton,ON
E Hamilton,ON
Brighton,ON
Colborne,ON
Brockville,ON
W Prescott,ON
Caledonia,ON
Campbellford,ON
Cardinal,ON
Norwood,ON
Carleton Place,ON
Mississippi Mills,ON
Ottawa,ON
Millbrook,ON
Cavan,ON
Peterborough,ON
Chatham,ON
Cobden,ON
Renfrew,ON
Chesterville,ON
Winchester,ON
Embrun,ON
Ingleside,ON
Cobourg,ON
W Cobourg,ON
Port Hope,ON
St Port Hope,ON
Collingwood,ON
W Wasaga Beach,ON
The Blue Mountains,ON
Cornwall,ON
of Delhi Delhi,ON
Deep River,ON
West Simcoe,ON
Simcoe,ON
Elmira,ON
Hanover,ON
Durham,ON
Markdale,ON
Dryden,ON
Elliot Lake,ON
Emsdale,ON
Orangeville,ON
Espanola,ON
Kingsville,ON
LaSalle,ON
Leamington,ON
W Windsor,ON
Fort Erie,ON
St Fort Erie,ON
Niagara Falls,ON
Gananoque,ON
Goderich,ON
Goulais River,ON
Sault Ste. Marie,ON
Grand Bend,ON
W Shelburne,ON
Greater Sudbury,ON
St Port Perry,ON
Port Perry,ON
Harriston,ON
Listowel,ON
Hawkesbury,ON
Ignace,ON
Midland,ON
Woodstock,ON
Ingersoll,ON
Thames Centre,ON
London,ON
Kapuskasing,ON
W Kawartha Lakes,ON
Kemptville,ON
Merrickville,ON
Kenora,ON
Kincardine,ON
Kingston,ON
Loyalist,ON
W Kirkland Lake,ON
Komoka,ON
W London,ON
E London,ON
W Strathroy,ON
Lincoln,ON
St. Catharines,ON
Thorold,ON
Longford Mills,ON
W Orillia,ON
Orillia,ON
a Mattawa,ON
Penetanguishene,ON
Smiths Falls,ON
Mitchell,ON
Napanee,ON
Stratford,ON
Welland,ON
Owen Sound,ON
W Pembroke,ON
Pembroke,ON
W Ottawa,ON
Orléans,ON
Pakenham,ON
Parry Sound,ON
Perth,ON
Petrolia,ON
Sarnia,ON
Plantagenet,ON
Port Colborne,ON
St Port Dover,ON
St Port Elgin,ON
Port Elgin,ON
Southampton,ON
Sauble Beach,ON
Uxbridge,ON
W Uxbridge,ON
W Prince Edward,ON
Prince Edward,ON
Wiarton,ON
Sundridge,ON
Temiskaming Shores,ON
Thorne,ON
Thunder Bay,ON
W Thunder Bay,ON
Timmins,ON
Tweed,ON
MADV,ON
West Nipissing,ON
Westport,ON
Woodview,ON
Wingham,ON
Albany,OR
Tangent,OR
Corvallis,OR
Lebanon,OR
Amity,OR
McMinnville,OR
Sheridan,OR
Keizer,OR
Salem,OR
Dundee,OR
Ashland,OR
Phoenix,OR
Medford,OR
Astoria,OR
Ilwaco,WA
Seaside,OR
Banks,OR
Forest Grove,OR
Cornelius,OR
Hillsboro,OR
Scappoose,OR
Beaverton,OR
Bandon,OR
Myrtle Point,OR
Aurora,OR
Woodburn,OR
Molalla,OR
Oregon City,OR
Newberg,OR
Tigard,OR
Portland,OR
Oak Grove,OR
Milwaukie,OR
Cannon Beach,OR
St Bend,OR
Bend,OR
b Portland,OR
Vancouver,WA
Charleston,OR
Coos Bay,OR
North Bend,OR
Brookings,OR
Cave Junction,OR
Kerby,OR
Damascus,OR
Clackamas,OR
Gresham,OR
Troutdale,OR
Cottage Grove,OR
Eugene,OR
Depoe Bay,OR
Lincoln City,OR
Newport,OR
Springfield,OR
a Eugene,OR
b Veneta,OR
Veneta,OR
Gold Hill,OR
Florence,OR
White City,OR
Grants Pass,OR
Hines,OR
Hood River,OR
St Salem,OR
S Salem,OR
Silverton,OR
Independence,OR
W Monmouth,OR
Klamath Falls,OR
La Pine,OR
Lakeview,OR
Lakeside,OR
Reedsport,OR
Sweet Home,OR
Otis,OR
Madras,OR
Myrtle Creek,OR
Roseburg,OR
Waldport,OR
Ontario,OR
Pendleton,OR
St Port Orford,OR
Rockaway Beach,OR
Tillamook,OR
Rainier,OR
Longview,WA
Kelso,WA
Stayton,OR
St Helens,OR
Ridgefield,WA
Willamina,OR
Battle Ground,WA
The Dalles,OR
Yachats,OR
Fullerton,PA
Allentown,PA
Bethlehem,PA
Altoona,PA
Fogelsville,PA
Bradford,PA
King of Prussia,PA
Wayne,PA
Devon,PA
Brookville,PA
Camp Hill,PA
Harrisburg,PA
Coatesville,PA
Cranberry Twp,PA
Zelienople,PA
Dickson City,PA
Gibsonia,PA
Scranton,PA
Royersford,PA
DuBois,PA
Lansdale,PA
Edwardsville,PA
East York,PA
Erie,PA
Wilkes-Barre,PA
Gettysburg,PA
Pittsburgh,PA
Greensburg,PA
Hazleton,PA
Johnstown,PA
Indiana,PA
Montgomeryville,PA
Lancaster,PA
Lebanon,PA
Reading,PA
State College,PA
Selinsgrove,PA
Washington,PA
Charleston,SC
Hartford,SD
Sioux Falls,SD
Tea,SD
Gregory,SD
Mitchell,SD
Platte,SD
St Rapid City,SD
Rapid City,SD
Spearfish,SD
Veblen,SD
Yankton,SD
Watertown,SD
W Carlyle,SK
Estevan,SK
Regina,SK
Saskatoon,SK
Brigham City,UT
Cedar City,UT
Lehi,UT
South Jordan,UT
Provo,UT
Park City,UT
Payson,UT
Salt Lake City,UT
St. George,UT
Montpelier,VT
Barre,VT
Bradford,VT
Brandon,VT
Rutland,VT
Vergennes,VT
Middlebury,VT
Waitsfield,VT
Bristol,VT
Burlington,VT
Essex,VT
Winooski,VT
Milton,VT
Cambridge,VT
Morristown,VT
St Johnsbury,VT
Danville,VT
Fair Haven,VT
Hartford,VT
Windsor,VT
Woodstock,VT
Manchester,VT
Londonderry,VT
St Albans City,VT
Montgomery,VT
Wolcott,VT
Waterbury Center,VT
Newport,VT
Randolph,VT
Wilmington,VT
Aberdeen,WA
Hoquiam,WA
Anacortes,WA
Vernon,WA
Burlington,WA
Oak Harbor,WA
Mount Vernon,WA
Belfair,WA
Port Orchard,WA
Bremerton,WA
Bellingham,WA
Meridian Bellingham,WA
Kenmore,WA
Deming,WA
Lynnwood,WA
Bothell,WA
Lake Forest Park,WA
Shoreline,WA
Woodinville,WA
Mountlake Terrace,WA
Seattle,WA
Edmonds,WA
Everett,WA
Mukilteo,WA
W Seattle,WA
Snohomish,WA
Buckley,WA
Maple Valley,WA
Covington,WA
Vashon,WA
Burien,WA
Des Moines,WA
Renton,WA
Issaquah,WA
Mt Vernon,WA
Camano,WA
Cathlamet,WA
Chehalis,WA
Centralia,WA
Rochester,WA
Clarkston,WA
Cle Elum,WA
Dayton,WA
Tacoma,WA
Elma,WA
Lake Stevens,WA
Friday Harbor,WA
Goldendale,WA
Ocean Shores,WA
Peshastin,WA
Olympia,WA
Tumwater,WA
Shelton,WA
Pasco,WA
Angeles,WA
Port Angeles,WA
Sequim,WA
Prosser,WA
Pullman,WA
Puyallup,WA
E Puyallup,WA
Spokane,WA
Spokane Valley,WA
Sprague,WA
Tonasket,WA
Twisp,WA
Winthrop,WA
St Union Gap,WA
Union Gap,WA
Yakima,WA
Anmoore,WV
Clarksburg,WV
White Hall,WV
Fairmont,WV
Yelm,WA
C Yelm,WA
Beckley,WV
Huntington,WV
Barboursville,WV
Charles Town,WV
Martinsburg,WV
Princeton,WV
Bluefield,WV
Charleston,WV
Dunbar,WV
Elkins,WV
Morgantown,WV
Kingwood,WV
Lewisburg,WV
Parkersburg,WV
Romney,WV
Stollings,WV
Summersville,WV
Weirton,WV
Weston,WV
Wheeling,WV
Whitehorse,YT
